test_asakusa1.jpg,1
test_asakusa2.jpg,1
test_disneyland1.jpg,2
test_disneyland2.jpg,2
test_disneyland3.jpg,2
test_himeji1.jpg,3
test_himeji2.jpg,3
test_kouchi1.jpg,4
test_kouchi2.jpg,4
test_kouchi3.jpg,4
test_kyoto1.jpg,5
test_kyoto2.jpg,5
test_kyoto3.jpg,5
test_luminarie1.jpg,6
test_luminarie2.jpg,6
test_luminarie3.jpg,6
test_mosaic1.jpg,7
test_usj1.jpg,8
test_usj2.jpg,8
test2_kyoto1.jpg,9
test2_kyoto2.jpg,9
test2_kyoto3.jpg,9
test_izumo1.jpg,10
test_izumo2.jpg,10
test_ginzan1.jpg,11
test_ginzan2.jpg,11
test_ginzan3.jpg,11
test_ginzan4.jpg,11
test_ginzan5.jpg,11
test_outlets1.jpg,12
test_outlets2.jpg,12
test_ijinkan1.jpg,13
test_ijinkan2.jpg,13
test_ijinkan3.jpg,13
test_ijinkan4.jpg,13
test_matsue1.jpg,14
test_ojizoo1.jpg,15
test_ojizoo2.jpg,15
test_ojizoo3.jpg,15
test_wakayama1.jpg,16
test_wakayama2.jpg,16
test_kobeokoku1.jpg,17
test_herb1.jpg,18
test_herb2.jpg,18
test_herb3.jpg,18
test_kurashiki1.jpg,19
test_kurashiki2.jpg,19
demo_himeji1.jpg,20
demo_himeji2.jpg,20
demo_himeji3.jpg,20
